{
	"sectors": {
		"-14": {"sector": -14, "reference_time": 2458613.287916667, "ffi_cadence": 1800},
		"0": {"sector": 0, "reference_time": 2457840.5, "ffi_cadence": 1800},
		"1": {"sector": 1, "reference_time": 2458351.5, "ffi_cadence": 1800},
		"2": {"sector": 2, "reference_time": 2458367.5, "ffi_cadence": 1800},
		"3": {"sector": 3, "reference_time": 2458389.067361, "ffi_cadence": 1800},
		"4": {"sector": 4, "reference_time": 2458417.020139, "ffi_cadence": 1800},
		"5": {"sector": 5, "reference_time": 2458444.320139, "ffi_cadence": 1800},
		"6": {"sector": 6, "reference_time": 2458471.060417, "ffi_cadence": 1800},
		"7": {"sector": 7, "reference_time": 2458497.337485, "ffi_cadence": 1800},
		"8": {"sector": 8, "reference_time": 2458523.365261, "ffi_cadence": 1800},
		"9": {"sector": 9, "reference_time": 2458549.330538, "ffi_cadence": 1800},
		"10": {"sector": 10, "reference_time": 2458575.830536, "ffi_cadence": 1800},
		"11": {"sector": 11, "reference_time": 2458603.434701, "ffi_cadence": 1800},
		"12": {"sector": 12, "reference_time": 2458632.007616, "ffi_cadence": 1800},
		"13": {"sector": 13, "reference_time": 2458660.917336, "ffi_cadence": 1800},
		"14": {"sector": 14, "reference_time": 2458689.538863, "ffi_cadence": 1800},
		"15": {"sector": 15, "reference_time": 2458717.427750, "ffi_cadence": 1800},
		"16": {"sector": 16, "reference_time": 2458744.396498, "ffi_cadence": 1800},
		"17": {"sector": 17, "reference_time": 2458770.552747, "ffi_cadence": 1800},
		"18": {"sector": 18, "reference_time": 2458796.236773, "ffi_cadence": 1800},
		"19": {"sector": 19, "reference_time": 2458822.011077, "ffi_cadence": 1800},
		"20": {"sector": 20, "reference_time": 2458848.698575, "ffi_cadence": 1800},
		"21": {"sector": 21, "reference_time": 2458876.792324, "ffi_cadence": 1800},
		"22": {"sector": 22, "reference_time": 2458905.656905, "ffi_cadence": 1800},
		"23": {"sector": 23, "reference_time": 2458934.344403, "ffi_cadence": 1800},
		"24": {"sector": 24, "reference_time": 2458962.358291, "ffi_cadence": 1800},
		"25": {"sector": 25, "reference_time": 2458989.535372, "ffi_cadence": 1800},
		"26": {"sector": 26, "reference_time": 2459015.941621, "ffi_cadence": 1800},
		"27": {"sector": 27, "reference_time": 2459041.893008, "ffi_cadence": 600},
		"28": {"sector": 28, "reference_time": 2459067.899951, "ffi_cadence": 600},
		"29": {"sector": 29, "reference_time": 2459094.594394, "ffi_cadence": 600},
		"30": {"sector": 30, "reference_time": 2459122.361753, "ffi_cadence": 600},
		"31": {"sector": 31, "reference_time": 2459150.952029, "ffi_cadence": 600},
		"32": {"sector": 32, "reference_time": 2459179.667306, "ffi_cadence": 600},
		"33": {"sector": 33, "reference_time": 2459207.813137, "ffi_cadence": 600},
		"34": {"sector": 34, "reference_time": 2459235.011052, "ffi_cadence": 600},
		"35": {"sector": 35, "reference_time": 2459261.333967, "ffi_cadence": 600},
		"36": {"sector": 36, "reference_time": 2459287.188132, "ffi_cadence": 600},
		"37": {"sector": 37, "reference_time": 2459313.208964, "ffi_cadence": 600},
		"38": {"sector": 38, "reference_time": 2459340.174240, "ffi_cadence": 600},
		"39": {"sector": 39, "reference_time": 2459368.420767, "ffi_cadence": 600},
		"40": {"sector": 40, "reference_time": 2459397.417293, "ffi_cadence": 600},
		"41": {"sector": 41, "reference_time": 2459426.125624, "ffi_cadence": 600},
		"42": {"sector": 42, "reference_time": 2459453.778400, "ffi_cadence": 600},
		"43": {"sector": 43, "reference_time": 2459480.281871, "ffi_cadence": 600},
		"44": {"sector": 44, "reference_time": 2459506.056175, "ffi_cadence": 600},
		"45": {"sector": 45, "reference_time": 2459531.788812, "ffi_cadence": 600},
		"46": {"sector": 46, "reference_time": 2459558.299227, "ffi_cadence": 600},
		"47": {"sector": 47, "reference_time": 2459586.104781, "ffi_cadence": 600},
		"48": {"sector": 48, "reference_time": 2459614.931168, "ffi_cadence": 600},
		"49": {"sector": 49, "reference_time": 2459643.854778, "ffi_cadence": 600},
		"50": {"sector": 50, "reference_time": 2459671.958943, "ffi_cadence": 600},
		"51": {"sector": 51, "reference_time": 2459698.847830, "ffi_cadence": 600},
		"52": {"sector": 52, "reference_time": 2459724.747134, "ffi_cadence": 600},
		"53": {"sector": 53, "reference_time": 2459750.326994, "ffi_cadence": 600},
		"54": {"sector": 54, "reference_time": 2459776.403381, "ffi_cadence": 600},
		"55": {"sector": 55, "reference_time": 2459800.493657, "ffi_cadence": 200},
		"56": {"sector": 56, "reference_time": 2459828.632544, "ffi_cadence": 200},
		"57": {"sector": 57, "reference_time": 2459857.472821, "ffi_cadence": 200},
		"58": {"sector": 58, "reference_time": 2459886.250597, "ffi_cadence": 200},
		"59": {"sector": 59, "reference_time": 2459914.035317, "ffi_cadence": 200},
		"60": {"sector": 60, "reference_time": 2459940.514482, "ffi_cadence": 200}
	}
}
